{
  "Total" : {
    "transaction" : "Total",
    "sampleCount" : 3000,
    "errorCount" : 0,
    "errorPct" : 0.0,
    "meanResTime" : 158.78400000000022,
    "medianResTime" : 93.0,
    "minResTime" : 1.0,
    "maxResTime" : 3113.0,
    "pct1ResTime" : 461.9000000000001,
    "pct2ResTime" : 536.0,
    "pct3ResTime" : 692.9899999999998,
    "throughput" : 957.2431397574984,
    "receivedKBytesPerSec" : 752.7072032546267,
    "sentKBytesPerSec" : 220.0537452137843
  },
  "Logout" : {
    "transaction" : "Logout",
    "sampleCount" : 300,
    "errorCount" : 0,
    "errorPct" : 0.0,
    "meanResTime" : 145.38666666666657,
    "medianResTime" : 144.5,
    "minResTime" : 2.0,
    "maxResTime" : 294.0,
    "pct1ResTime" : 246.90000000000003,
    "pct2ResTime" : 270.95,
    "pct3ResTime" : 291.99,
    "throughput" : 109.1703056768559,
    "receivedKBytesPerSec" : 129.74634961790392,
    "sentKBytesPerSec" : 38.70002046943231
  },
  "Login" : {
    "transaction" : "Login",
    "sampleCount" : 300,
    "errorCount" : 0,
    "errorPct" : 0.0,
    "meanResTime" : 515.6,
    "medianResTime" : 524.0,
    "minResTime" : 205.0,
    "maxResTime" : 3113.0,
    "pct1ResTime" : 691.7,
    "pct2ResTime" : 727.9,
    "pct3ResTime" : 806.5700000000004,
    "throughput" : 95.84664536741214,
    "receivedKBytesPerSec" : 149.01158146964858,
    "sentKBytesPerSec" : 50.26332867412141
  },
  "Login-0" : {
    "transaction" : "Login-0",
    "sampleCount" : 300,
    "errorCount" : 0,
    "errorPct" : 0.0,
    "meanResTime" : 369.0433333333336,
    "medianResTime" : 394.5,
    "minResTime" : 53.0,
    "maxResTime" : 3110.0,
    "pct1ResTime" : 534.9000000000001,
    "pct2ResTime" : 565.8499999999999,
    "pct3ResTime" : 610.8800000000001,
    "throughput" : 95.93859929645026,
    "receivedKBytesPerSec" : 35.1337643907899,
    "sentKBytesPerSec" : 24.35940997761433
  },
  "Login-1" : {
    "transaction" : "Login-1",
    "sampleCount" : 300,
    "errorCount" : 0,
    "errorPct" : 0.0,
    "meanResTime" : 67.69999999999999,
    "medianResTime" : 67.0,
    "minResTime" : 2.0,
    "maxResTime" : 164.0,
    "pct1ResTime" : 123.0,
    "pct2ResTime" : 126.0,
    "pct3ResTime" : 143.96000000000004,
    "throughput" : 100.6036217303823,
    "receivedKBytesPerSec" : 36.94039235412475,
    "sentKBytesPerSec" : 13.55790995975855
  },
  "Home" : {
    "transaction" : "Home",
    "sampleCount" : 300,
    "errorCount" : 0,
    "errorPct" : 0.0,
    "meanResTime" : 135.94,
    "medianResTime" : 131.0,
    "minResTime" : 2.0,
    "maxResTime" : 292.0,
    "pct1ResTime" : 191.90000000000003,
    "pct2ResTime" : 206.5999999999999,
    "pct3ResTime" : 275.83000000000015,
    "throughput" : 104.42046641141664,
    "receivedKBytesPerSec" : 124.10127697528715,
    "sentKBytesPerSec" : 28.246551949182038
  },
  "Logout-1" : {
    "transaction" : "Logout-1",
    "sampleCount" : 300,
    "errorCount" : 0,
    "errorPct" : 0.0,
    "meanResTime" : 71.30000000000004,
    "medianResTime" : 68.0,
    "minResTime" : 1.0,
    "maxResTime" : 168.0,
    "pct1ResTime" : 120.0,
    "pct2ResTime" : 143.95,
    "pct3ResTime" : 153.98000000000002,
    "throughput" : 111.56563778356266,
    "receivedKBytesPerSec" : 91.62763806247675,
    "sentKBytesPerSec" : 15.144163722573447
  },
  "Login-2" : {
    "transaction" : "Login-2",
    "sampleCount" : 300,
    "errorCount" : 0,
    "errorPct" : 0.0,
    "meanResTime" : 73.22333333333339,
    "medianResTime" : 73.0,
    "minResTime" : 1.0,
    "maxResTime" : 147.0,
    "pct1ResTime" : 106.0,
    "pct2ResTime" : 113.79999999999995,
    "pct3ResTime" : 139.91000000000008,
    "throughput" : 101.97144799456153,
    "receivedKBytesPerSec" : 83.74803492522094,
    "sentKBytesPerSec" : 13.841827413324268
  },
  "Home-0" : {
    "transaction" : "Home-0",
    "sampleCount" : 300,
    "errorCount" : 0,
    "errorPct" : 0.0,
    "meanResTime" : 69.33333333333333,
    "medianResTime" : 72.0,
    "minResTime" : 1.0,
    "maxResTime" : 145.0,
    "pct1ResTime" : 103.90000000000003,
    "pct2ResTime" : 114.94999999999999,
    "pct3ResTime" : 128.99,
    "throughput" : 104.45682451253482,
    "receivedKBytesPerSec" : 38.35524025069638,
    "sentKBytesPerSec" : 14.077189240947076
  },
  "Logout-0" : {
    "transaction" : "Logout-0",
    "sampleCount" : 300,
    "errorCount" : 0,
    "errorPct" : 0.0,
    "meanResTime" : 74.03333333333333,
    "medianResTime" : 62.0,
    "minResTime" : 1.0,
    "maxResTime" : 155.0,
    "pct1ResTime" : 128.0,
    "pct2ResTime" : 139.0,
    "pct3ResTime" : 147.99,
    "throughput" : 109.21004732435384,
    "receivedKBytesPerSec" : 40.10056425191118,
    "sentKBytesPerSec" : 23.889697852202403
  },
  "Home-1" : {
    "transaction" : "Home-1",
    "sampleCount" : 300,
    "errorCount" : 0,
    "errorPct" : 0.0,
    "meanResTime" : 66.28000000000003,
    "medianResTime" : 60.5,
    "minResTime" : 1.0,
    "maxResTime" : 148.0,
    "pct1ResTime" : 103.0,
    "pct2ResTime" : 108.94999999999999,
    "pct3ResTime" : 144.95000000000005,
    "throughput" : 107.14285714285714,
    "receivedKBytesPerSec" : 87.99525669642858,
    "sentKBytesPerSec" : 14.543805803571429
  }
}