{
  "Total" : {
    "transaction" : "Total",
    "sampleCount" : 900,
    "errorCount" : 900,
    "errorPct" : 100.0,
    "meanResTime" : 50.63888888888878,
    "medianResTime" : 23.5,
    "minResTime" : 0.0,
    "maxResTime" : 386.0,
    "pct1ResTime" : 200.0,
    "pct2ResTime" : 218.94999999999993,
    "pct3ResTime" : 241.0,
    "throughput" : 442.26044226044223,
    "receivedKBytesPerSec" : 175.34935503685503,
    "sentKBytesPerSec" : 76.73333845208845
  },
  "Logout" : {
    "transaction" : "Logout",
    "sampleCount" : 300,
    "errorCount" : 300,
    "errorPct" : 100.0,
    "meanResTime" : 33.89999999999999,
    "medianResTime" : 22.5,
    "minResTime" : 0.0,
    "maxResTime" : 147.0,
    "pct1ResTime" : 92.90000000000003,
    "pct2ResTime" : 98.89999999999998,
    "pct3ResTime" : 133.7900000000002,
    "throughput" : 164.56390565002744,
    "receivedKBytesPerSec" : 65.2470172792101,
    "sentKBytesPerSec" : 22.498971475589688
  },
  "Login" : {
    "transaction" : "Login",
    "sampleCount" : 300,
    "errorCount" : 300,
    "errorPct" : 100.0,
    "meanResTime" : 92.1366666666666,
    "medianResTime" : 41.0,
    "minResTime" : 0.0,
    "maxResTime" : 386.0,
    "pct1ResTime" : 225.0,
    "pct2ResTime" : 236.95,
    "pct3ResTime" : 248.96000000000004,
    "throughput" : 147.49262536873155,
    "receivedKBytesPerSec" : 58.478521386430685,
    "sentKBytesPerSec" : 36.729120575221245
  },
  "Home" : {
    "transaction" : "Home",
    "sampleCount" : 300,
    "errorCount" : 300,
    "errorPct" : 100.0,
    "meanResTime" : 25.880000000000003,
    "medianResTime" : 15.5,
    "minResTime" : 0.0,
    "maxResTime" : 164.0,
    "pct1ResTime" : 58.900000000000034,
    "pct2ResTime" : 89.94999999999999,
    "pct3ResTime" : 158.0,
    "throughput" : 164.29353778751369,
    "receivedKBytesPerSec" : 65.13982064622125,
    "sentKBytesPerSec" : 22.141121303395398
  }
}