{
  "Total" : {
    "transaction" : "Total",
    "sampleCount" : 3000,
    "errorCount" : 0,
    "errorPct" : 0.0,
    "meanResTime" : 353.5223333333336,
    "medianResTime" : 219.0,
    "minResTime" : 0.0,
    "maxResTime" : 3328.0,
    "pct1ResTime" : 744.8000000000002,
    "pct2ResTime" : 1096.0,
    "pct3ResTime" : 1440.9199999999983,
    "throughput" : 883.1321754489255,
    "receivedKBytesPerSec" : 694.4316676479247,
    "sentKBytesPerSec" : 203.01690830144247
  },
  "Logout" : {
    "transaction" : "Logout",
    "sampleCount" : 300,
    "errorCount" : 0,
    "errorPct" : 0.0,
    "meanResTime" : 403.2466666666667,
    "medianResTime" : 349.0,
    "minResTime" : 1.0,
    "maxResTime" : 1102.0,
    "pct1ResTime" : 842.0,
    "pct2ResTime" : 1079.8999999999978,
    "pct3ResTime" : 1101.96,
    "throughput" : 120.0960768614892,
    "receivedKBytesPerSec" : 142.73137259807845,
    "sentKBytesPerSec" : 42.573120996797435
  },
  "Login" : {
    "transaction" : "Login",
    "sampleCount" : 300,
    "errorCount" : 0,
    "errorPct" : 0.0,
    "meanResTime" : 927.9799999999998,
    "medianResTime" : 977.0,
    "minResTime" : 319.0,
    "maxResTime" : 3328.0,
    "pct1ResTime" : 1432.9,
    "pct2ResTime" : 1485.95,
    "pct3ResTime" : 1626.0300000000009,
    "throughput" : 89.632506722438,
    "receivedKBytesPerSec" : 139.35053779504034,
    "sentKBytesPerSec" : 47.004546982372275
  },
  "Login-0" : {
    "transaction" : "Login-0",
    "sampleCount" : 300,
    "errorCount" : 0,
    "errorPct" : 0.0,
    "meanResTime" : 524.3399999999998,
    "medianResTime" : 387.5,
    "minResTime" : 136.0,
    "maxResTime" : 3240.0,
    "pct1ResTime" : 1162.0000000000005,
    "pct2ResTime" : 1259.3999999999999,
    "pct3ResTime" : 1284.99,
    "throughput" : 92.05277692543726,
    "receivedKBytesPerSec" : 33.71073373734274,
    "sentKBytesPerSec" : 23.3727753912243
  },
  "Login-1" : {
    "transaction" : "Login-1",
    "sampleCount" : 300,
    "errorCount" : 0,
    "errorPct" : 0.0,
    "meanResTime" : 168.82999999999993,
    "medianResTime" : 194.5,
    "minResTime" : 42.0,
    "maxResTime" : 582.0,
    "pct1ResTime" : 236.0,
    "pct2ResTime" : 241.0,
    "pct3ResTime" : 505.9100000000001,
    "throughput" : 98.58692080184028,
    "receivedKBytesPerSec" : 36.19988498192573,
    "sentKBytesPerSec" : 13.286127998685506
  },
  "Home" : {
    "transaction" : "Home",
    "sampleCount" : 300,
    "errorCount" : 0,
    "errorPct" : 0.0,
    "meanResTime" : 438.9333333333338,
    "medianResTime" : 405.0,
    "minResTime" : 49.0,
    "maxResTime" : 1098.0,
    "pct1ResTime" : 709.0,
    "pct2ResTime" : 754.95,
    "pct3ResTime" : 1048.3700000000015,
    "throughput" : 99.53550099535501,
    "receivedKBytesPerSec" : 118.29561006967486,
    "sentKBytesPerSec" : 26.92513064034506
  },
  "Logout-1" : {
    "transaction" : "Logout-1",
    "sampleCount" : 300,
    "errorCount" : 0,
    "errorPct" : 0.0,
    "meanResTime" : 191.5533333333333,
    "medianResTime" : 166.0,
    "minResTime" : 0.0,
    "maxResTime" : 678.0,
    "pct1ResTime" : 455.00000000000034,
    "pct2ResTime" : 633.0,
    "pct3ResTime" : 668.99,
    "throughput" : 131.69446883230904,
    "receivedKBytesPerSec" : 108.15922684372256,
    "sentKBytesPerSec" : 17.8764952809482
  },
  "Login-2" : {
    "transaction" : "Login-2",
    "sampleCount" : 300,
    "errorCount" : 0,
    "errorPct" : 0.0,
    "meanResTime" : 231.85000000000002,
    "medianResTime" : 205.5,
    "minResTime" : 44.0,
    "maxResTime" : 619.0,
    "pct1ResTime" : 397.80000000000007,
    "pct2ResTime" : 593.9,
    "pct3ResTime" : 617.98,
    "throughput" : 98.74917709019091,
    "receivedKBytesPerSec" : 81.10161907504938,
    "sentKBytesPerSec" : 13.4044293120474
  },
  "Home-0" : {
    "transaction" : "Home-0",
    "sampleCount" : 300,
    "errorCount" : 0,
    "errorPct" : 0.0,
    "meanResTime" : 200.36999999999998,
    "medianResTime" : 195.5,
    "minResTime" : 35.0,
    "maxResTime" : 659.0,
    "pct1ResTime" : 304.90000000000003,
    "pct2ResTime" : 480.0,
    "pct3ResTime" : 544.6200000000003,
    "throughput" : 99.601593625498,
    "receivedKBytesPerSec" : 36.57246015936255,
    "sentKBytesPerSec" : 13.422871015936256
  },
  "Logout-0" : {
    "transaction" : "Logout-0",
    "sampleCount" : 300,
    "errorCount" : 0,
    "errorPct" : 0.0,
    "meanResTime" : 210.8933333333334,
    "medianResTime" : 185.0,
    "minResTime" : 1.0,
    "maxResTime" : 661.0,
    "pct1ResTime" : 499.0,
    "pct2ResTime" : 614.9499999999989,
    "pct3ResTime" : 656.99,
    "throughput" : 120.0960768614892,
    "receivedKBytesPerSec" : 44.09777822257806,
    "sentKBytesPerSec" : 26.271016813450757
  },
  "Home-1" : {
    "transaction" : "Home-1",
    "sampleCount" : 300,
    "errorCount" : 0,
    "errorPct" : 0.0,
    "meanResTime" : 237.22666666666663,
    "medianResTime" : 205.0,
    "minResTime" : 1.0,
    "maxResTime" : 676.0,
    "pct1ResTime" : 487.90000000000003,
    "pct2ResTime" : 534.5999999999999,
    "pct3ResTime" : 645.9300000000001,
    "throughput" : 110.37527593818984,
    "receivedKBytesPerSec" : 90.65000689845475,
    "sentKBytesPerSec" : 14.982581401766005
  }
}