{
  "Total" : {
    "transaction" : "Total",
    "sampleCount" : 3000,
    "errorCount" : 0,
    "errorPct" : 0.0,
    "meanResTime" : 494.9720000000007,
    "medianResTime" : 339.0,
    "minResTime" : 13.0,
    "maxResTime" : 3690.0,
    "pct1ResTime" : 1192.0,
    "pct2ResTime" : 1650.749999999999,
    "pct3ResTime" : 2011.0,
    "throughput" : 778.816199376947,
    "receivedKBytesPerSec" : 612.405081775701,
    "sentKBytesPerSec" : 179.03645833333334
  },
  "Logout" : {
    "transaction" : "Logout",
    "sampleCount" : 300,
    "errorCount" : 0,
    "errorPct" : 0.0,
    "meanResTime" : 443.02333333333326,
    "medianResTime" : 524.5,
    "minResTime" : 32.0,
    "maxResTime" : 891.0,
    "pct1ResTime" : 575.0,
    "pct2ResTime" : 678.5999999999999,
    "pct3ResTime" : 878.6600000000012,
    "throughput" : 88.88888888888889,
    "receivedKBytesPerSec" : 105.64236111111111,
    "sentKBytesPerSec" : 31.510416666666668
  },
  "Login" : {
    "transaction" : "Login",
    "sampleCount" : 300,
    "errorCount" : 0,
    "errorPct" : 0.0,
    "meanResTime" : 1475.7466666666662,
    "medianResTime" : 1646.0,
    "minResTime" : 281.0,
    "maxResTime" : 3690.0,
    "pct1ResTime" : 2010.9,
    "pct2ResTime" : 2015.95,
    "pct3ResTime" : 2073.98,
    "throughput" : 79.95735607675907,
    "receivedKBytesPerSec" : 124.30870202558636,
    "sentKBytesPerSec" : 41.93076192697228
  },
  "Login-0" : {
    "transaction" : "Login-0",
    "sampleCount" : 300,
    "errorCount" : 0,
    "errorPct" : 0.0,
    "meanResTime" : 873.8533333333334,
    "medianResTime" : 842.5,
    "minResTime" : 185.0,
    "maxResTime" : 3521.0,
    "pct1ResTime" : 1261.1000000000004,
    "pct2ResTime" : 1458.95,
    "pct3ResTime" : 1553.92,
    "throughput" : 83.72871895060005,
    "receivedKBytesPerSec" : 30.66237266257326,
    "sentKBytesPerSec" : 21.259245046050793
  },
  "Login-1" : {
    "transaction" : "Login-1",
    "sampleCount" : 300,
    "errorCount" : 0,
    "errorPct" : 0.0,
    "meanResTime" : 332.4133333333333,
    "medianResTime" : 344.0,
    "minResTime" : 16.0,
    "maxResTime" : 658.0,
    "pct1ResTime" : 540.2000000000003,
    "pct2ResTime" : 591.9,
    "pct3ResTime" : 654.7100000000003,
    "throughput" : 88.36524300441826,
    "receivedKBytesPerSec" : 32.44661266568483,
    "sentKBytesPerSec" : 11.908597201767305
  },
  "Home" : {
    "transaction" : "Home",
    "sampleCount" : 300,
    "errorCount" : 0,
    "errorPct" : 0.0,
    "meanResTime" : 557.7066666666665,
    "medianResTime" : 612.0,
    "minResTime" : 62.0,
    "maxResTime" : 1158.0,
    "pct1ResTime" : 705.0,
    "pct2ResTime" : 708.95,
    "pct3ResTime" : 1153.5200000000023,
    "throughput" : 87.82201405152225,
    "receivedKBytesPerSec" : 104.37440537177986,
    "sentKBytesPerSec" : 23.756540910421545
  },
  "Logout-1" : {
    "transaction" : "Logout-1",
    "sampleCount" : 300,
    "errorCount" : 0,
    "errorPct" : 0.0,
    "meanResTime" : 209.03666666666666,
    "medianResTime" : 262.5,
    "minResTime" : 13.0,
    "maxResTime" : 462.0,
    "pct1ResTime" : 290.90000000000003,
    "pct2ResTime" : 336.0,
    "pct3ResTime" : 430.96000000000004,
    "throughput" : 90.74410163339383,
    "receivedKBytesPerSec" : 74.52713815789474,
    "sentKBytesPerSec" : 12.317802858439201
  },
  "Login-2" : {
    "transaction" : "Login-2",
    "sampleCount" : 300,
    "errorCount" : 0,
    "errorPct" : 0.0,
    "meanResTime" : 266.5566666666669,
    "medianResTime" : 269.0,
    "minResTime" : 16.0,
    "maxResTime" : 1244.0,
    "pct1ResTime" : 410.80000000000007,
    "pct2ResTime" : 426.95,
    "pct3ResTime" : 457.9100000000001,
    "throughput" : 88.28722778104768,
    "receivedKBytesPerSec" : 72.5093345350206,
    "sentKBytesPerSec" : 11.984301427310182
  },
  "Home-0" : {
    "transaction" : "Home-0",
    "sampleCount" : 300,
    "errorCount" : 0,
    "errorPct" : 0.0,
    "meanResTime" : 298.73666666666657,
    "medianResTime" : 327.0,
    "minResTime" : 19.0,
    "maxResTime" : 1049.0,
    "pct1ResTime" : 370.0,
    "pct2ResTime" : 373.0,
    "pct3ResTime" : 1042.2800000000052,
    "throughput" : 88.5478158205431,
    "receivedKBytesPerSec" : 32.51365112160567,
    "sentKBytesPerSec" : 11.933201741440378
  },
  "Logout-0" : {
    "transaction" : "Logout-0",
    "sampleCount" : 300,
    "errorCount" : 0,
    "errorPct" : 0.0,
    "meanResTime" : 233.79333333333338,
    "medianResTime" : 266.0,
    "minResTime" : 16.0,
    "maxResTime" : 460.0,
    "pct1ResTime" : 310.0,
    "pct2ResTime" : 326.79999999999995,
    "pct3ResTime" : 452.8700000000001,
    "throughput" : 89.39213349225268,
    "receivedKBytesPerSec" : 32.82367401668653,
    "sentKBytesPerSec" : 19.554529201430274
  },
  "Home-1" : {
    "transaction" : "Home-1",
    "sampleCount" : 300,
    "errorCount" : 0,
    "errorPct" : 0.0,
    "meanResTime" : 258.8533333333335,
    "medianResTime" : 281.5,
    "minResTime" : 19.0,
    "maxResTime" : 477.0,
    "pct1ResTime" : 338.0,
    "pct2ResTime" : 342.0,
    "pct3ResTime" : 452.7900000000002,
    "throughput" : 88.31321754489255,
    "receivedKBytesPerSec" : 72.53067964380337,
    "sentKBytesPerSec" : 11.987829334707095
  }
}