{
  "Total" : {
    "transaction" : "Total",
    "sampleCount" : 900,
    "errorCount" : 900,
    "errorPct" : 100.0,
    "meanResTime" : 23.116666666666656,
    "medianResTime" : 2.0,
    "minResTime" : 0.0,
    "maxResTime" : 235.0,
    "pct1ResTime" : 70.69999999999993,
    "pct2ResTime" : 180.0,
    "pct3ResTime" : 184.0,
    "throughput" : 392.3278116826504,
    "receivedKBytesPerSec" : 155.55184721011332,
    "sentKBytesPerSec" : 68.06989701394943
  },
  "Logout" : {
    "transaction" : "Logout",
    "sampleCount" : 300,
    "errorCount" : 300,
    "errorPct" : 100.0,
    "meanResTime" : 9.336666666666666,
    "medianResTime" : 1.0,
    "minResTime" : 0.0,
    "maxResTime" : 128.0,
    "pct1ResTime" : 26.0,
    "pct2ResTime" : 34.94999999999999,
    "pct3ResTime" : 105.99000000000001,
    "throughput" : 143.1980906921241,
    "receivedKBytesPerSec" : 56.77580548926014,
    "sentKBytesPerSec" : 19.57786396181384
  },
  "Login" : {
    "transaction" : "Login",
    "sampleCount" : 300,
    "errorCount" : 300,
    "errorPct" : 100.0,
    "meanResTime" : 48.79,
    "medianResTime" : 4.0,
    "minResTime" : 0.0,
    "maxResTime" : 235.0,
    "pct1ResTime" : 181.0,
    "pct2ResTime" : 183.95,
    "pct3ResTime" : 189.0,
    "throughput" : 130.8329699084169,
    "receivedKBytesPerSec" : 51.873228303532485,
    "sentKBytesPerSec" : 32.580475904928036
  },
  "Home" : {
    "transaction" : "Home",
    "sampleCount" : 300,
    "errorCount" : 300,
    "errorPct" : 100.0,
    "meanResTime" : 11.223333333333336,
    "medianResTime" : 1.0,
    "minResTime" : 0.0,
    "maxResTime" : 98.0,
    "pct1ResTime" : 37.0,
    "pct2ResTime" : 45.94999999999999,
    "pct3ResTime" : 85.82000000000016,
    "throughput" : 142.31499051233396,
    "receivedKBytesPerSec" : 56.42567006641366,
    "sentKBytesPerSec" : 19.179168643263758
  }
}