{
  "Total" : {
    "transaction" : "Total",
    "sampleCount" : 3000,
    "errorCount" : 0,
    "errorPct" : 0.0,
    "meanResTime" : 622.9359999999992,
    "medianResTime" : 398.5,
    "minResTime" : 3.0,
    "maxResTime" : 3961.0,
    "pct1ResTime" : 1494.5000000000005,
    "pct2ResTime" : 1917.4999999999982,
    "pct3ResTime" : 2650.909999999998,
    "throughput" : 645.0225757901527,
    "receivedKBytesPerSec" : 507.19939260374116,
    "sentKBytesPerSec" : 148.2796038486347
  },
  "Logout" : {
    "transaction" : "Logout",
    "sampleCount" : 300,
    "errorCount" : 0,
    "errorPct" : 0.0,
    "meanResTime" : 684.5066666666669,
    "medianResTime" : 716.5,
    "minResTime" : 172.0,
    "maxResTime" : 1192.0,
    "pct1ResTime" : 1149.9,
    "pct2ResTime" : 1171.0,
    "pct3ResTime" : 1175.0,
    "throughput" : 133.3926189417519,
    "receivedKBytesPerSec" : 158.53400122276565,
    "sentKBytesPerSec" : 47.28664128501556
  },
  "Login" : {
    "transaction" : "Login",
    "sampleCount" : 300,
    "errorCount" : 0,
    "errorPct" : 0.0,
    "meanResTime" : 1802.3533333333332,
    "medianResTime" : 1756.0,
    "minResTime" : 471.0,
    "maxResTime" : 3961.0,
    "pct1ResTime" : 2641.1000000000004,
    "pct2ResTime" : 2732.9,
    "pct3ResTime" : 2907.67,
    "throughput" : 71.17437722419929,
    "receivedKBytesPerSec" : 110.65391459074733,
    "sentKBytesPerSec" : 37.324844306049826
  },
  "Login-0" : {
    "transaction" : "Login-0",
    "sampleCount" : 300,
    "errorCount" : 0,
    "errorPct" : 0.0,
    "meanResTime" : 1050.5499999999997,
    "medianResTime" : 907.0,
    "minResTime" : 3.0,
    "maxResTime" : 3359.0,
    "pct1ResTime" : 2165.9000000000005,
    "pct2ResTime" : 2330.5499999999997,
    "pct3ResTime" : 2504.4300000000003,
    "throughput" : 80.45052292839904,
    "receivedKBytesPerSec" : 29.461861423974256,
    "sentKBytesPerSec" : 20.426890587288817
  },
  "Login-1" : {
    "transaction" : "Login-1",
    "sampleCount" : 300,
    "errorCount" : 0,
    "errorPct" : 0.0,
    "meanResTime" : 324.2966666666664,
    "medianResTime" : 327.5,
    "minResTime" : 104.0,
    "maxResTime" : 797.0,
    "pct1ResTime" : 383.90000000000003,
    "pct2ResTime" : 386.95,
    "pct3ResTime" : 541.9300000000001,
    "throughput" : 98.13542688910697,
    "receivedKBytesPerSec" : 36.03410206084396,
    "sentKBytesPerSec" : 13.225282139352306
  },
  "Home" : {
    "transaction" : "Home",
    "sampleCount" : 300,
    "errorCount" : 0,
    "errorPct" : 0.0,
    "meanResTime" : 630.3233333333335,
    "medianResTime" : 670.5,
    "minResTime" : 191.0,
    "maxResTime" : 1173.0,
    "pct1ResTime" : 932.8000000000001,
    "pct2ResTime" : 963.8499999999999,
    "pct3ResTime" : 1158.8000000000002,
    "throughput" : 99.8003992015968,
    "receivedKBytesPerSec" : 118.61043537924152,
    "sentKBytesPerSec" : 26.9967876746507
  },
  "Logout-1" : {
    "transaction" : "Logout-1",
    "sampleCount" : 300,
    "errorCount" : 0,
    "errorPct" : 0.0,
    "meanResTime" : 383.8999999999998,
    "medianResTime" : 344.0,
    "minResTime" : 59.0,
    "maxResTime" : 804.0,
    "pct1ResTime" : 767.9000000000001,
    "pct2ResTime" : 785.0,
    "pct3ResTime" : 793.0,
    "throughput" : 145.27845036319613,
    "receivedKBytesPerSec" : 119.31560230024213,
    "sentKBytesPerSec" : 19.720414648910413
  },
  "Login-2" : {
    "transaction" : "Login-2",
    "sampleCount" : 300,
    "errorCount" : 0,
    "errorPct" : 0.0,
    "meanResTime" : 423.6466666666669,
    "medianResTime" : 477.0,
    "minResTime" : 132.0,
    "maxResTime" : 775.0,
    "pct1ResTime" : 566.7,
    "pct2ResTime" : 710.95,
    "pct3ResTime" : 722.99,
    "throughput" : 93.98496240601503,
    "receivedKBytesPerSec" : 77.18882166353383,
    "sentKBytesPerSec" : 12.757724389097744
  },
  "Home-0" : {
    "transaction" : "Home-0",
    "sampleCount" : 300,
    "errorCount" : 0,
    "errorPct" : 0.0,
    "meanResTime" : 336.0133333333336,
    "medianResTime" : 391.0,
    "minResTime" : 105.0,
    "maxResTime" : 773.0,
    "pct1ResTime" : 454.80000000000007,
    "pct2ResTime" : 478.69999999999993,
    "pct3ResTime" : 573.98,
    "throughput" : 103.44827586206897,
    "receivedKBytesPerSec" : 37.98491379310345,
    "sentKBytesPerSec" : 13.941271551724139
  },
  "Logout-0" : {
    "transaction" : "Logout-0",
    "sampleCount" : 300,
    "errorCount" : 0,
    "errorPct" : 0.0,
    "meanResTime" : 299.6866666666668,
    "medianResTime" : 348.5,
    "minResTime" : 74.0,
    "maxResTime" : 782.0,
    "pct1ResTime" : 397.0,
    "pct2ResTime" : 685.95,
    "pct3ResTime" : 779.99,
    "throughput" : 137.04888076747375,
    "receivedKBytesPerSec" : 50.32263590680676,
    "sentKBytesPerSec" : 29.97944266788488
  },
  "Home-1" : {
    "transaction" : "Home-1",
    "sampleCount" : 300,
    "errorCount" : 0,
    "errorPct" : 0.0,
    "meanResTime" : 294.0833333333334,
    "medianResTime" : 297.0,
    "minResTime" : 83.0,
    "maxResTime" : 782.0,
    "pct1ResTime" : 466.60000000000014,
    "pct2ResTime" : 498.95,
    "pct3ResTime" : 766.7400000000002,
    "throughput" : 118.43663639952625,
    "receivedKBytesPerSec" : 97.2707140742203,
    "sentKBytesPerSec" : 16.07684810501382
  }
}