{
  "Total" : {
    "transaction" : "Total",
    "sampleCount" : 900,
    "errorCount" : 900,
    "errorPct" : 100.0,
    "meanResTime" : 108.24111111111107,
    "medianResTime" : 78.0,
    "minResTime" : 0.0,
    "maxResTime" : 388.0,
    "pct1ResTime" : 368.0,
    "pct2ResTime" : 371.0,
    "pct3ResTime" : 373.0,
    "throughput" : 450.90180360721445,
    "receivedKBytesPerSec" : 178.77551978957916,
    "sentKBytesPerSec" : 78.2326371492986
  },
  "Logout" : {
    "transaction" : "Logout",
    "sampleCount" : 300,
    "errorCount" : 300,
    "errorPct" : 100.0,
    "meanResTime" : 82.72333333333336,
    "medianResTime" : 54.5,
    "minResTime" : 0.0,
    "maxResTime" : 302.0,
    "pct1ResTime" : 222.0,
    "pct2ResTime" : 237.84999999999997,
    "pct3ResTime" : 265.95000000000005,
    "throughput" : 187.26591760299627,
    "receivedKBytesPerSec" : 74.24801029962546,
    "sentKBytesPerSec" : 25.602762172284642
  },
  "Login" : {
    "transaction" : "Login",
    "sampleCount" : 300,
    "errorCount" : 300,
    "errorPct" : 100.0,
    "meanResTime" : 184.2933333333333,
    "medianResTime" : 154.0,
    "minResTime" : 0.0,
    "maxResTime" : 388.0,
    "pct1ResTime" : 372.0,
    "pct2ResTime" : 373.0,
    "pct3ResTime" : 373.99,
    "throughput" : 150.82956259426848,
    "receivedKBytesPerSec" : 59.80156485671191,
    "sentKBytesPerSec" : 37.56009615384615
  },
  "Home" : {
    "transaction" : "Home",
    "sampleCount" : 300,
    "errorCount" : 300,
    "errorPct" : 100.0,
    "meanResTime" : 57.70666666666666,
    "medianResTime" : 64.0,
    "minResTime" : 0.0,
    "maxResTime" : 172.0,
    "pct1ResTime" : 123.0,
    "pct2ResTime" : 125.0,
    "pct3ResTime" : 135.94000000000005,
    "throughput" : 184.6153846153846,
    "receivedKBytesPerSec" : 73.19711538461539,
    "sentKBytesPerSec" : 24.879807692307693
  }
}