{
  "Total" : {
    "transaction" : "Total",
    "sampleCount" : 3000,
    "errorCount" : 0,
    "errorPct" : 0.0,
    "meanResTime" : 757.8923333333319,
    "medianResTime" : 409.0,
    "minResTime" : 48.0,
    "maxResTime" : 4798.0,
    "pct1ResTime" : 1552.0,
    "pct2ResTime" : 2751.6499999999987,
    "pct3ResTime" : 3159.0,
    "throughput" : 528.4481240091598,
    "receivedKBytesPerSec" : 415.5336225118901,
    "sentKBytesPerSec" : 121.48114100757444
  },
  "Logout" : {
    "transaction" : "Logout",
    "sampleCount" : 300,
    "errorCount" : 0,
    "errorPct" : 0.0,
    "meanResTime" : 721.9233333333332,
    "medianResTime" : 638.0,
    "minResTime" : 122.0,
    "maxResTime" : 1607.0,
    "pct1ResTime" : 1486.8000000000002,
    "pct2ResTime" : 1490.0,
    "pct3ResTime" : 1498.92,
    "throughput" : 81.81074447777475,
    "receivedKBytesPerSec" : 97.2301523725116,
    "sentKBytesPerSec" : 29.001269770929916
  },
  "Login" : {
    "transaction" : "Login",
    "sampleCount" : 300,
    "errorCount" : 0,
    "errorPct" : 0.0,
    "meanResTime" : 2104.8966666666674,
    "medianResTime" : 2093.5,
    "minResTime" : 545.0,
    "maxResTime" : 4798.0,
    "pct1ResTime" : 3158.9,
    "pct2ResTime" : 3159.95,
    "pct3ResTime" : 3162.0,
    "throughput" : 57.197330791229746,
    "receivedKBytesPerSec" : 88.92397521448999,
    "sentKBytesPerSec" : 29.995084604385127
  },
  "Login-0" : {
    "transaction" : "Login-0",
    "sampleCount" : 300,
    "errorCount" : 0,
    "errorPct" : 0.0,
    "meanResTime" : 996.1666666666664,
    "medianResTime" : 344.0,
    "minResTime" : 142.0,
    "maxResTime" : 3516.0,
    "pct1ResTime" : 2768.9,
    "pct2ResTime" : 2774.9,
    "pct3ResTime" : 2778.99,
    "throughput" : 61.893955023726015,
    "receivedKBytesPerSec" : 22.666243294821538,
    "sentKBytesPerSec" : 15.715262017742932
  },
  "Login-1" : {
    "transaction" : "Login-1",
    "sampleCount" : 300,
    "errorCount" : 0,
    "errorPct" : 0.0,
    "meanResTime" : 493.52000000000004,
    "medianResTime" : 240.5,
    "minResTime" : 131.0,
    "maxResTime" : 1731.0,
    "pct1ResTime" : 1293.0,
    "pct2ResTime" : 1295.0,
    "pct3ResTime" : 1472.790000000001,
    "throughput" : 61.99628022318661,
    "receivedKBytesPerSec" : 22.76425914445133,
    "sentKBytesPerSec" : 8.354967451952882
  },
  "Home" : {
    "transaction" : "Home",
    "sampleCount" : 300,
    "errorCount" : 0,
    "errorPct" : 0.0,
    "meanResTime" : 991.2599999999995,
    "medianResTime" : 1108.0,
    "minResTime" : 232.0,
    "maxResTime" : 2019.0,
    "pct1ResTime" : 1599.7,
    "pct2ResTime" : 1844.95,
    "pct3ResTime" : 1985.5400000000004,
    "throughput" : 60.52047609441194,
    "receivedKBytesPerSec" : 71.92716738955014,
    "sentKBytesPerSec" : 16.37126159975792
  },
  "Logout-1" : {
    "transaction" : "Logout-1",
    "sampleCount" : 300,
    "errorCount" : 0,
    "errorPct" : 0.0,
    "meanResTime" : 264.9499999999997,
    "medianResTime" : 222.0,
    "minResTime" : 48.0,
    "maxResTime" : 1263.0,
    "pct1ResTime" : 526.6000000000001,
    "pct2ResTime" : 615.9,
    "pct3ResTime" : 1172.9400000000028,
    "throughput" : 112.65490048817124,
    "receivedKBytesPerSec" : 92.52223760796095,
    "sentKBytesPerSec" : 15.292022624859182
  },
  "Login-2" : {
    "transaction" : "Login-2",
    "sampleCount" : 300,
    "errorCount" : 0,
    "errorPct" : 0.0,
    "meanResTime" : 605.943333333333,
    "medianResTime" : 671.0,
    "minResTime" : 146.0,
    "maxResTime" : 1481.0,
    "pct1ResTime" : 1017.9000000000001,
    "pct2ResTime" : 1067.8,
    "pct3ResTime" : 1421.7200000000012,
    "throughput" : 61.79196704428425,
    "receivedKBytesPerSec" : 50.749066683831096,
    "sentKBytesPerSec" : 8.387776776519052
  },
  "Home-0" : {
    "transaction" : "Home-0",
    "sampleCount" : 300,
    "errorCount" : 0,
    "errorPct" : 0.0,
    "meanResTime" : 572.1433333333332,
    "medianResTime" : 337.0,
    "minResTime" : 95.0,
    "maxResTime" : 1731.0,
    "pct1ResTime" : 1042.8000000000002,
    "pct2ResTime" : 1169.75,
    "pct3ResTime" : 1330.8600000000001,
    "throughput" : 62.22775357809583,
    "receivedKBytesPerSec" : 22.849253266957064,
    "sentKBytesPerSec" : 8.386162103298071
  },
  "Logout-0" : {
    "transaction" : "Logout-0",
    "sampleCount" : 300,
    "errorCount" : 0,
    "errorPct" : 0.0,
    "meanResTime" : 409.3833333333331,
    "medianResTime" : 288.0,
    "minResTime" : 69.0,
    "maxResTime" : 1267.0,
    "pct1ResTime" : 995.6000000000001,
    "pct2ResTime" : 1179.85,
    "pct3ResTime" : 1252.4600000000005,
    "throughput" : 83.65867261572784,
    "receivedKBytesPerSec" : 30.718418851087563,
    "sentKBytesPerSec" : 18.300334634690465
  },
  "Home-1" : {
    "transaction" : "Home-1",
    "sampleCount" : 300,
    "errorCount" : 0,
    "errorPct" : 0.0,
    "meanResTime" : 418.7366666666668,
    "medianResTime" : 334.5,
    "minResTime" : 95.0,
    "maxResTime" : 1298.0,
    "pct1ResTime" : 894.9000000000001,
    "pct2ResTime" : 1027.0,
    "pct3ResTime" : 1267.99,
    "throughput" : 66.26905235255136,
    "receivedKBytesPerSec" : 54.426047879390325,
    "sentKBytesPerSec" : 8.995506129887342
  }
}