{
  "Total" : {
    "transaction" : "Total",
    "sampleCount" : 3000,
    "errorCount" : 0,
    "errorPct" : 0.0,
    "meanResTime" : 892.5520000000015,
    "medianResTime" : 675.0,
    "minResTime" : 1.0,
    "maxResTime" : 4412.0,
    "pct1ResTime" : 1824.7000000000003,
    "pct2ResTime" : 2632.6499999999987,
    "pct3ResTime" : 3138.9699999999993,
    "throughput" : 575.8157389635317,
    "receivedKBytesPerSec" : 452.7801103646833,
    "sentKBytesPerSec" : 132.37014155470249
  },
  "Logout" : {
    "transaction" : "Logout",
    "sampleCount" : 300,
    "errorCount" : 0,
    "errorPct" : 0.0,
    "meanResTime" : 666.9733333333332,
    "medianResTime" : 679.5,
    "minResTime" : 14.0,
    "maxResTime" : 913.0,
    "pct1ResTime" : 872.0,
    "pct2ResTime" : 899.0,
    "pct3ResTime" : 911.9100000000001,
    "throughput" : 241.15755627009648,
    "receivedKBytesPerSec" : 286.6101034967846,
    "sentKBytesPerSec" : 85.48846965434083
  },
  "Login" : {
    "transaction" : "Login",
    "sampleCount" : 300,
    "errorCount" : 0,
    "errorPct" : 0.0,
    "meanResTime" : 2488.623333333333,
    "medianResTime" : 2621.0,
    "minResTime" : 1114.0,
    "maxResTime" : 4412.0,
    "pct1ResTime" : 3135.9,
    "pct2ResTime" : 3242.3999999999996,
    "pct3ResTime" : 3287.0,
    "throughput" : 59.54743946010321,
    "receivedKBytesPerSec" : 92.57765978562921,
    "sentKBytesPerSec" : 31.227514638745532
  },
  "Login-0" : {
    "transaction" : "Login-0",
    "sampleCount" : 300,
    "errorCount" : 0,
    "errorPct" : 0.0,
    "meanResTime" : 1309.3633333333332,
    "medianResTime" : 1467.5,
    "minResTime" : 113.0,
    "maxResTime" : 3853.0,
    "pct1ResTime" : 1841.9,
    "pct2ResTime" : 1856.95,
    "pct3ResTime" : 1891.7700000000002,
    "throughput" : 66.97923643670462,
    "receivedKBytesPerSec" : 24.52852896851976,
    "sentKBytesPerSec" : 17.00644675150703
  },
  "Login-1" : {
    "transaction" : "Login-1",
    "sampleCount" : 300,
    "errorCount" : 0,
    "errorPct" : 0.0,
    "meanResTime" : 466.5066666666666,
    "medianResTime" : 472.0,
    "minResTime" : 167.0,
    "maxResTime" : 1485.0,
    "pct1ResTime" : 627.0,
    "pct2ResTime" : 644.95,
    "pct3ResTime" : 1463.98,
    "throughput" : 98.39291571006888,
    "receivedKBytesPerSec" : 36.128648737290916,
    "sentKBytesPerSec" : 13.259982781239751
  },
  "Home" : {
    "transaction" : "Home",
    "sampleCount" : 300,
    "errorCount" : 0,
    "errorPct" : 0.0,
    "meanResTime" : 1312.8100000000006,
    "medianResTime" : 1321.0,
    "minResTime" : 83.0,
    "maxResTime" : 1690.0,
    "pct1ResTime" : 1468.8000000000002,
    "pct2ResTime" : 1527.85,
    "pct3ResTime" : 1576.97,
    "throughput" : 113.42155009451795,
    "receivedKBytesPerSec" : 134.79885396975425,
    "sentKBytesPerSec" : 30.68141540642722
  },
  "Logout-1" : {
    "transaction" : "Logout-1",
    "sampleCount" : 300,
    "errorCount" : 0,
    "errorPct" : 0.0,
    "meanResTime" : 281.51999999999987,
    "medianResTime" : 226.5,
    "minResTime" : 13.0,
    "maxResTime" : 530.0,
    "pct1ResTime" : 509.80000000000007,
    "pct2ResTime" : 521.0,
    "pct3ResTime" : 529.0,
    "throughput" : 356.718192627824,
    "receivedKBytesPerSec" : 292.96875,
    "sentKBytesPerSec" : 48.421707788347206
  },
  "Login-2" : {
    "transaction" : "Login-2",
    "sampleCount" : 300,
    "errorCount" : 0,
    "errorPct" : 0.0,
    "meanResTime" : 705.6233333333338,
    "medianResTime" : 756.0,
    "minResTime" : 210.0,
    "maxResTime" : 793.0,
    "pct1ResTime" : 783.0,
    "pct2ResTime" : 785.0,
    "pct3ResTime" : 790.99,
    "throughput" : 97.02457956015525,
    "receivedKBytesPerSec" : 79.68522598641655,
    "sentKBytesPerSec" : 13.17032867076326
  },
  "Home-0" : {
    "transaction" : "Home-0",
    "sampleCount" : 300,
    "errorCount" : 0,
    "errorPct" : 0.0,
    "meanResTime" : 740.0233333333339,
    "medianResTime" : 740.0,
    "minResTime" : 80.0,
    "maxResTime" : 889.0,
    "pct1ResTime" : 832.9000000000001,
    "pct2ResTime" : 846.9,
    "pct3ResTime" : 886.96,
    "throughput" : 113.55034065102195,
    "receivedKBytesPerSec" : 41.69426570779712,
    "sentKBytesPerSec" : 15.30268262679788
  },
  "Logout-0" : {
    "transaction" : "Logout-0",
    "sampleCount" : 300,
    "errorCount" : 0,
    "errorPct" : 0.0,
    "meanResTime" : 384.8233333333335,
    "medianResTime" : 403.0,
    "minResTime" : 1.0,
    "maxResTime" : 520.0,
    "pct1ResTime" : 476.80000000000007,
    "pct2ResTime" : 489.95,
    "pct3ResTime" : 498.96000000000004,
    "throughput" : 257.5107296137339,
    "receivedKBytesPerSec" : 94.55472103004291,
    "sentKBytesPerSec" : 56.33047210300429
  },
  "Home-1" : {
    "transaction" : "Home-1",
    "sampleCount" : 300,
    "errorCount" : 0,
    "errorPct" : 0.0,
    "meanResTime" : 569.2533333333336,
    "medianResTime" : 543.0,
    "minResTime" : 3.0,
    "maxResTime" : 997.0,
    "pct1ResTime" : 676.9000000000001,
    "pct2ResTime" : 749.95,
    "pct3ResTime" : 874.99,
    "throughput" : 160.77170418006432,
    "receivedKBytesPerSec" : 132.04004220257235,
    "sentKBytesPerSec" : 21.82350281350482
  }
}