{
  "Total" : {
    "transaction" : "Total",
    "sampleCount" : 3000,
    "errorCount" : 0,
    "errorPct" : 0.0,
    "meanResTime" : 4160.648999999996,
    "medianResTime" : 185.0,
    "minResTime" : 0.0,
    "maxResTime" : 60800.0,
    "pct1ResTime" : 872.900000000001,
    "pct2ResTime" : 60124.7,
    "pct3ResTime" : 60539.78999999999,
    "throughput" : 48.68944250588331,
    "receivedKBytesPerSec" : 38.28587803294652,
    "sentKBytesPerSec" : 11.192865982309502
  },
  "Logout" : {
    "transaction" : "Logout",
    "sampleCount" : 300,
    "errorCount" : 0,
    "errorPct" : 0.0,
    "meanResTime" : 413.02999999999986,
    "medianResTime" : 181.5,
    "minResTime" : 1.0,
    "maxResTime" : 60237.0,
    "pct1ResTime" : 475.0,
    "pct2ResTime" : 516.95,
    "pct3ResTime" : 784.2800000000016,
    "throughput" : 4.95229291161808,
    "receivedKBytesPerSec" : 5.885684056092971,
    "sentKBytesPerSec" : 1.755549147380237
  },
  "Login" : {
    "transaction" : "Login",
    "sampleCount" : 300,
    "errorCount" : 0,
    "errorPct" : 0.0,
    "meanResTime" : 15758.61333333333,
    "medianResTime" : 934.0,
    "minResTime" : 199.0,
    "maxResTime" : 60800.0,
    "pct1ResTime" : 60537.9,
    "pct2ResTime" : 60560.95,
    "pct3ResTime" : 60688.7,
    "throughput" : 4.869971754163826,
    "receivedKBytesPerSec" : 7.571284211551573,
    "sentKBytesPerSec" : 2.5538816718613035
  },
  "Login-0" : {
    "transaction" : "Login-0",
    "sampleCount" : 300,
    "errorCount" : 0,
    "errorPct" : 0.0,
    "meanResTime" : 13763.060000000001,
    "medianResTime" : 321.0,
    "minResTime" : 44.0,
    "maxResTime" : 60493.0,
    "pct1ResTime" : 60265.0,
    "pct2ResTime" : 60267.0,
    "pct3ResTime" : 60277.98,
    "throughput" : 4.8708415190531085,
    "receivedKBytesPerSec" : 1.7837554391063628,
    "sentKBytesPerSec" : 1.2367371044470783
  },
  "Login-1" : {
    "transaction" : "Login-1",
    "sampleCount" : 300,
    "errorCount" : 0,
    "errorPct" : 0.0,
    "meanResTime" : 1620.1766666666663,
    "medianResTime" : 232.0,
    "minResTime" : 3.0,
    "maxResTime" : 60118.0,
    "pct1ResTime" : 380.0,
    "pct2ResTime" : 436.74999999999994,
    "pct3ResTime" : 59802.90000000023,
    "throughput" : 4.893405320762718,
    "receivedKBytesPerSec" : 1.7967972662175606,
    "sentKBytesPerSec" : 0.6594628264309133
  },
  "Home" : {
    "transaction" : "Home",
    "sampleCount" : 300,
    "errorCount" : 0,
    "errorPct" : 0.0,
    "meanResTime" : 4632.63,
    "medianResTime" : 209.0,
    "minResTime" : 2.0,
    "maxResTime" : 60249.0,
    "pct1ResTime" : 509.90000000000003,
    "pct2ResTime" : 60163.0,
    "pct3ResTime" : 60200.98,
    "throughput" : 4.933804785790643,
    "receivedKBytesPerSec" : 5.863711351862511,
    "sentKBytesPerSec" : 1.3346327399062576
  },
  "Logout-1" : {
    "transaction" : "Logout-1",
    "sampleCount" : 300,
    "errorCount" : 0,
    "errorPct" : 0.0,
    "meanResTime" : 308.8766666666666,
    "medianResTime" : 88.5,
    "minResTime" : 0.0,
    "maxResTime" : 60025.0,
    "pct1ResTime" : 278.90000000000003,
    "pct2ResTime" : 348.7999999999997,
    "pct3ResTime" : 434.84000000000015,
    "throughput" : 4.966147428363324,
    "receivedKBytesPerSec" : 4.0786425656773,
    "sentKBytesPerSec" : 0.6741157153735371
  },
  "Login-2" : {
    "transaction" : "Login-2",
    "sampleCount" : 300,
    "errorCount" : 0,
    "errorPct" : 0.0,
    "meanResTime" : 374.2433333333332,
    "medianResTime" : 188.0,
    "minResTime" : 2.0,
    "maxResTime" : 60097.0,
    "pct1ResTime" : 335.0,
    "pct2ResTime" : 373.95,
    "pct3ResTime" : 427.0,
    "throughput" : 4.90500637650829,
    "receivedKBytesPerSec" : 4.028428088519015,
    "sentKBytesPerSec" : 0.6658162952486838
  },
  "Home-0" : {
    "transaction" : "Home-0",
    "sampleCount" : 300,
    "errorCount" : 0,
    "errorPct" : 0.0,
    "meanResTime" : 3722.3033333333333,
    "medianResTime" : 98.0,
    "minResTime" : 1.0,
    "maxResTime" : 60133.0,
    "pct1ResTime" : 245.0,
    "pct2ResTime" : 60097.0,
    "pct3ResTime" : 60118.0,
    "throughput" : 4.934210526315789,
    "receivedKBytesPerSec" : 1.811780427631579,
    "sentKBytesPerSec" : 0.6649619654605263
  },
  "Logout-0" : {
    "transaction" : "Logout-0",
    "sampleCount" : 300,
    "errorCount" : 0,
    "errorPct" : 0.0,
    "meanResTime" : 103.52333333333335,
    "medianResTime" : 95.0,
    "minResTime" : 1.0,
    "maxResTime" : 442.0,
    "pct1ResTime" : 187.0,
    "pct2ResTime" : 195.95,
    "pct3ResTime" : 434.98,
    "throughput" : 4.952374663651221,
    "receivedKBytesPerSec" : 1.8184500718094327,
    "sentKBytesPerSec" : 1.0833319576737046
  },
  "Home-1" : {
    "transaction" : "Home-1",
    "sampleCount" : 300,
    "errorCount" : 0,
    "errorPct" : 0.0,
    "meanResTime" : 910.0333333333332,
    "medianResTime" : 74.0,
    "minResTime" : 1.0,
    "maxResTime" : 60028.0,
    "pct1ResTime" : 217.0,
    "pct2ResTime" : 238.74999999999994,
    "pct3ResTime" : 60026.99,
    "throughput" : 4.935509344564359,
    "receivedKBytesPerSec" : 4.053479842557252,
    "sentKBytesPerSec" : 0.6699568348578574
  }
}