{
  "Total" : {
    "transaction" : "Total",
    "sampleCount" : 3000,
    "errorCount" : 0,
    "errorPct" : 0.0,
    "meanResTime" : 523.4406666666646,
    "medianResTime" : 404.0,
    "minResTime" : 1.0,
    "maxResTime" : 4009.0,
    "pct1ResTime" : 1122.0,
    "pct2ResTime" : 1232.0,
    "pct3ResTime" : 1588.9799999999996,
    "throughput" : 706.0484819957637,
    "receivedKBytesPerSec" : 555.1857790068252,
    "sentKBytesPerSec" : 162.3084108025418
  },
  "Logout" : {
    "transaction" : "Logout",
    "sampleCount" : 300,
    "errorCount" : 0,
    "errorPct" : 0.0,
    "meanResTime" : 548.7733333333333,
    "medianResTime" : 602.0,
    "minResTime" : 9.0,
    "maxResTime" : 1193.0,
    "pct1ResTime" : 726.8000000000001,
    "pct2ResTime" : 776.9,
    "pct3ResTime" : 797.9200000000001,
    "throughput" : 128.75536480686694,
    "receivedKBytesPerSec" : 153.02273336909872,
    "sentKBytesPerSec" : 45.64277092274678
  },
  "Login" : {
    "transaction" : "Login",
    "sampleCount" : 300,
    "errorCount" : 0,
    "errorPct" : 0.0,
    "meanResTime" : 1165.5399999999995,
    "medianResTime" : 1216.5,
    "minResTime" : 593.0,
    "maxResTime" : 4009.0,
    "pct1ResTime" : 1586.2000000000003,
    "pct2ResTime" : 1780.9,
    "pct3ResTime" : 1844.8400000000001,
    "throughput" : 73.01046483329276,
    "receivedKBytesPerSec" : 113.50845704550986,
    "sentKBytesPerSec" : 38.287714468240445
  },
  "Login-0" : {
    "transaction" : "Login-0",
    "sampleCount" : 300,
    "errorCount" : 0,
    "errorPct" : 0.0,
    "meanResTime" : 601.9366666666668,
    "medianResTime" : 670.5,
    "minResTime" : 101.0,
    "maxResTime" : 3484.0,
    "pct1ResTime" : 1110.0,
    "pct2ResTime" : 1228.9,
    "pct3ResTime" : 1366.3300000000006,
    "throughput" : 83.70535714285714,
    "receivedKBytesPerSec" : 30.653817313058035,
    "sentKBytesPerSec" : 21.25331333705357
  },
  "Login-1" : {
    "transaction" : "Login-1",
    "sampleCount" : 300,
    "errorCount" : 0,
    "errorPct" : 0.0,
    "meanResTime" : 266.69,
    "medianResTime" : 233.0,
    "minResTime" : 103.0,
    "maxResTime" : 641.0,
    "pct1ResTime" : 420.0,
    "pct2ResTime" : 442.95,
    "pct3ResTime" : 486.98,
    "throughput" : 103.80622837370241,
    "receivedKBytesPerSec" : 38.11634948096886,
    "sentKBytesPerSec" : 13.98951124567474
  },
  "Home" : {
    "transaction" : "Home",
    "sampleCount" : 300,
    "errorCount" : 0,
    "errorPct" : 0.0,
    "meanResTime" : 908.1333333333334,
    "medianResTime" : 955.0,
    "minResTime" : 130.0,
    "maxResTime" : 1293.0,
    "pct1ResTime" : 1155.8000000000002,
    "pct2ResTime" : 1187.0,
    "pct3ResTime" : 1196.0,
    "throughput" : 104.38413361169103,
    "receivedKBytesPerSec" : 124.05809629436325,
    "sentKBytesPerSec" : 28.23672364300626
  },
  "Logout-1" : {
    "transaction" : "Logout-1",
    "sampleCount" : 300,
    "errorCount" : 0,
    "errorPct" : 0.0,
    "meanResTime" : 254.4033333333335,
    "medianResTime" : 319.0,
    "minResTime" : 1.0,
    "maxResTime" : 757.0,
    "pct1ResTime" : 385.90000000000003,
    "pct2ResTime" : 397.0,
    "pct3ResTime" : 419.99,
    "throughput" : 158.3949313621964,
    "receivedKBytesPerSec" : 130.08802468321014,
    "sentKBytesPerSec" : 21.500874472016896
  },
  "Login-2" : {
    "transaction" : "Login-2",
    "sampleCount" : 300,
    "errorCount" : 0,
    "errorPct" : 0.0,
    "meanResTime" : 290.76,
    "medianResTime" : 266.0,
    "minResTime" : 8.0,
    "maxResTime" : 640.0,
    "pct1ResTime" : 472.40000000000055,
    "pct2ResTime" : 597.4499999999989,
    "pct3ResTime" : 629.99,
    "throughput" : 98.81422924901186,
    "receivedKBytesPerSec" : 81.15504570158103,
    "sentKBytesPerSec" : 13.413259634387352
  },
  "Home-0" : {
    "transaction" : "Home-0",
    "sampleCount" : 300,
    "errorCount" : 0,
    "errorPct" : 0.0,
    "meanResTime" : 410.73666666666674,
    "medianResTime" : 429.5,
    "minResTime" : 58.0,
    "maxResTime" : 562.0,
    "pct1ResTime" : 461.0,
    "pct2ResTime" : 466.0,
    "pct3ResTime" : 539.9100000000001,
    "throughput" : 107.06638115631692,
    "receivedKBytesPerSec" : 39.313436830835116,
    "sentKBytesPerSec" : 14.428867773019272
  },
  "Logout-0" : {
    "transaction" : "Logout-0",
    "sampleCount" : 300,
    "errorCount" : 0,
    "errorPct" : 0.0,
    "meanResTime" : 293.4433333333334,
    "medianResTime" : 288.0,
    "minResTime" : 8.0,
    "maxResTime" : 496.0,
    "pct1ResTime" : 404.0,
    "pct2ResTime" : 454.95,
    "pct3ResTime" : 485.99,
    "throughput" : 128.81064834693,
    "receivedKBytesPerSec" : 47.29765993988836,
    "sentKBytesPerSec" : 28.177329325890938
  },
  "Home-1" : {
    "transaction" : "Home-1",
    "sampleCount" : 300,
    "errorCount" : 0,
    "errorPct" : 0.0,
    "meanResTime" : 493.99000000000024,
    "medianResTime" : 527.0,
    "minResTime" : 72.0,
    "maxResTime" : 844.0,
    "pct1ResTime" : 708.7,
    "pct2ResTime" : 737.0,
    "pct3ResTime" : 760.98,
    "throughput" : 115.38461538461539,
    "receivedKBytesPerSec" : 94.76412259615384,
    "sentKBytesPerSec" : 15.662560096153845
  }
}