{
  "Total" : {
    "transaction" : "Total",
    "sampleCount" : 3000,
    "errorCount" : 0,
    "errorPct" : 0.0,
    "meanResTime" : 488.00500000000034,
    "medianResTime" : 380.0,
    "minResTime" : 0.0,
    "maxResTime" : 3857.0,
    "pct1ResTime" : 977.0,
    "pct2ResTime" : 1239.3499999999976,
    "pct3ResTime" : 1734.949999999999,
    "throughput" : 714.7962830593281,
    "receivedKBytesPerSec" : 562.0644210150107,
    "sentKBytesPerSec" : 164.31937991422444
  },
  "Logout" : {
    "transaction" : "Logout",
    "sampleCount" : 300,
    "errorCount" : 0,
    "errorPct" : 0.0,
    "meanResTime" : 544.0466666666669,
    "medianResTime" : 636.5,
    "minResTime" : 1.0,
    "maxResTime" : 1100.0,
    "pct1ResTime" : 820.0,
    "pct2ResTime" : 835.6499999999999,
    "pct3ResTime" : 1038.8200000000002,
    "throughput" : 118.7648456057007,
    "receivedKBytesPerSec" : 141.14923545130642,
    "sentKBytesPerSec" : 42.10120991686461
  },
  "Login" : {
    "transaction" : "Login",
    "sampleCount" : 300,
    "errorCount" : 0,
    "errorPct" : 0.0,
    "meanResTime" : 1180.9766666666662,
    "medianResTime" : 1072.0,
    "minResTime" : 523.0,
    "maxResTime" : 3857.0,
    "pct1ResTime" : 1724.0,
    "pct2ResTime" : 1839.95,
    "pct3ResTime" : 2397.4500000000007,
    "throughput" : 71.94244604316546,
    "receivedKBytesPerSec" : 111.84802158273382,
    "sentKBytesPerSec" : 37.727630395683455
  },
  "Login-0" : {
    "transaction" : "Login-0",
    "sampleCount" : 300,
    "errorCount" : 0,
    "errorPct" : 0.0,
    "meanResTime" : 589.6533333333333,
    "medianResTime" : 444.5,
    "minResTime" : 129.0,
    "maxResTime" : 3339.0,
    "pct1ResTime" : 1243.8000000000002,
    "pct2ResTime" : 1386.6,
    "pct3ResTime" : 1821.750000000003,
    "throughput" : 87.84773060029283,
    "receivedKBytesPerSec" : 32.170799780380676,
    "sentKBytesPerSec" : 22.3050878477306
  },
  "Login-1" : {
    "transaction" : "Login-1",
    "sampleCount" : 300,
    "errorCount" : 0,
    "errorPct" : 0.0,
    "meanResTime" : 280.14,
    "medianResTime" : 242.5,
    "minResTime" : 120.0,
    "maxResTime" : 1124.0,
    "pct1ResTime" : 432.90000000000003,
    "pct2ResTime" : 494.84999999999997,
    "pct3ResTime" : 1005.0100000000036,
    "throughput" : 75.85335018963337,
    "receivedKBytesPerSec" : 27.852402022756003,
    "sentKBytesPerSec" : 10.22242414664981
  },
  "Home" : {
    "transaction" : "Home",
    "sampleCount" : 300,
    "errorCount" : 0,
    "errorPct" : 0.0,
    "meanResTime" : 717.8833333333336,
    "medianResTime" : 693.0,
    "minResTime" : 6.0,
    "maxResTime" : 1380.0,
    "pct1ResTime" : 977.0,
    "pct2ResTime" : 1031.9,
    "pct3ResTime" : 1097.99,
    "throughput" : 91.1854103343465,
    "receivedKBytesPerSec" : 108.37172302431611,
    "sentKBytesPerSec" : 24.666365881458965
  },
  "Logout-1" : {
    "transaction" : "Logout-1",
    "sampleCount" : 300,
    "errorCount" : 0,
    "errorPct" : 0.0,
    "meanResTime" : 265.0900000000002,
    "medianResTime" : 291.0,
    "minResTime" : 0.0,
    "maxResTime" : 595.0,
    "pct1ResTime" : 469.8000000000004,
    "pct2ResTime" : 489.9,
    "pct3ResTime" : 539.95,
    "throughput" : 141.24293785310735,
    "receivedKBytesPerSec" : 116.00128001412429,
    "sentKBytesPerSec" : 19.172625353107343
  },
  "Login-2" : {
    "transaction" : "Login-2",
    "sampleCount" : 300,
    "errorCount" : 0,
    "errorPct" : 0.0,
    "meanResTime" : 309.3966666666666,
    "medianResTime" : 327.5,
    "minResTime" : 6.0,
    "maxResTime" : 545.0,
    "pct1ResTime" : 413.0,
    "pct2ResTime" : 460.84999999999974,
    "pct3ResTime" : 514.96,
    "throughput" : 79.87220447284345,
    "receivedKBytesPerSec" : 65.5981679313099,
    "sentKBytesPerSec" : 10.842027755591054
  },
  "Home-0" : {
    "transaction" : "Home-0",
    "sampleCount" : 300,
    "errorCount" : 0,
    "errorPct" : 0.0,
    "meanResTime" : 391.0600000000001,
    "medianResTime" : 386.0,
    "minResTime" : 4.0,
    "maxResTime" : 680.0,
    "pct1ResTime" : 506.0,
    "pct2ResTime" : 518.0,
    "pct3ResTime" : 620.6900000000003,
    "throughput" : 91.79926560587515,
    "receivedKBytesPerSec" : 33.707542839657286,
    "sentKBytesPerSec" : 12.37138540391677
  },
  "Logout-0" : {
    "transaction" : "Logout-0",
    "sampleCount" : 300,
    "errorCount" : 0,
    "errorPct" : 0.0,
    "meanResTime" : 276.21,
    "medianResTime" : 306.5,
    "minResTime" : 1.0,
    "maxResTime" : 1093.0,
    "pct1ResTime" : 371.0,
    "pct2ResTime" : 483.0,
    "pct3ResTime" : 1013.99,
    "throughput" : 118.7648456057007,
    "receivedKBytesPerSec" : 43.60896674584323,
    "sentKBytesPerSec" : 25.979809976247033
  },
  "Home-1" : {
    "transaction" : "Home-1",
    "sampleCount" : 300,
    "errorCount" : 0,
    "errorPct" : 0.0,
    "meanResTime" : 325.5933333333335,
    "medianResTime" : 337.5,
    "minResTime" : 2.0,
    "maxResTime" : 1137.0,
    "pct1ResTime" : 493.0,
    "pct2ResTime" : 519.0,
    "pct3ResTime" : 588.5800000000004,
    "throughput" : 109.32944606413994,
    "receivedKBytesPerSec" : 89.7910782616618,
    "sentKBytesPerSec" : 14.84061816690962
  }
}